timestamp,regime,ticker,subtheme,price,factor_A_12-1,factor_B_6-1,factor_C_3-1,vol_60d,ret_5d,ret_20d,rsi_14,dist_52w_high,above_50dma,above_200dma,mdd_12m,4factor_z,score_momentum,score_pullback,score_quality,score_vol_alpha,score_macro,total_100,selected,signal,weight,reason
2026-06-02T21:15:26,RISK_ON,INTC,Compute/GPU,109.33,4.0957,1.4561,1.3114,0.9018,-0.0877,0.0975,53.5,-0.1554,True,True,-0.2417,1.306,58.3,100.0,100.0,80.0,70.0,79.4,True,DIP_BUY,0.1599,"5D -8.8% / 20D +9.7% 단기 하락, 12-1 +410% / 6-1 +146% 추세 유지"
2026-06-02T21:15:26,RISK_ON,STX,Memory/Storage,921.26,5.243,1.6387,1.0362,0.6334,0.1335,0.2673,77.8,0.0,True,True,-0.21,1.614,91.7,0.0,100.0,93.9,70.0,78.2,True,SATELLITE,0.1599,위성 포지션 (점수 78/100)
2026-06-02T21:15:26,RISK_ON,WDC,Memory/Storage,546.2,7.407,1.6454,0.7227,0.6578,0.1279,0.2658,74.2,0.0,True,True,-0.2059,2.017,98.8,0.0,60.0,93.0,70.0,70.5,True,SATELLITE,0.1259,위성 포지션 (점수 71/100)
2026-06-02T21:15:26,RISK_ON,MRVL,Compute/GPU,219.43,1.7479,0.8473,1.1292,0.7214,0.1177,0.3303,74.2,0.0,True,True,-0.2636,0.414,70.0,0.0,100.0,84.4,70.0,69.2,True,SATELLITE,0.1192,위성 포지션 (점수 69/100)
2026-06-02T21:15:26,RISK_ON,AMD,Compute/GPU,510.13,2.256,0.6574,0.8881,0.7295,0.0912,0.4149,73.7,-0.0154,True,True,-0.2776,0.357,68.7,0.0,100.0,77.5,70.0,67.7,True,SATELLITE,0.1118,위성 포지션 (점수 68/100)
2026-06-02T21:15:26,RISK_ON,HPE,Systems/Server,47.0,0.6952,0.3227,0.3288,0.5782,0.2507,0.6451,86.6,0.0,True,True,-0.2373,-0.346,62.3,0.0,100.0,86.9,70.0,66.8,True,SATELLITE,0.1078,위성 포지션 (점수 67/100)
2026-06-02T21:15:26,RISK_ON,DELL,Systems/Server,465.96,0.9175,0.5879,0.4521,0.9409,0.5785,1.2171,91.3,0.0,True,True,-0.3234,-0.187,62.2,0.0,100.0,83.9,70.0,66.3,False,EXIT,0.0,12M MDD -32.3% < -30% (장기 모멘텀 붕괴)
2026-06-02T21:15:26,RISK_ON,MU,Memory/Storage,1035.5,4.7538,1.2947,0.4287,0.8637,0.3788,0.9098,80.7,0.0,True,True,-0.3028,1.07,82.3,0.0,60.0,99.4,70.0,65.7,False,EXIT,0.0,12M MDD -30.3% < -30% (장기 모멘텀 붕괴)
2026-06-02T21:15:26,RISK_ON,CSCO,Networking,121.33,0.4905,0.2067,0.1696,0.3873,0.0076,0.321,76.5,0.0,True,True,-0.1357,-0.424,59.9,0.0,93.2,75.2,70.0,62.6,True,TACTICAL,0.0866,전술적 보유 (점수 63/100)
2026-06-02T21:15:26,RISK_ON,AVGO,Compute/GPU,459.97,0.7544,0.0497,0.3452,0.4201,0.1107,0.0918,69.8,0.0,True,True,-0.2867,-0.391,59.1,0.0,100.0,40.4,70.0,58.8,True,TACTICAL,0.0679,전술적 보유 (점수 59/100)
2026-06-02T21:15:26,RISK_ON,ANET,Networking,170.68,0.9933,0.3215,0.386,0.6009,0.1081,-0.0117,64.9,-0.0397,True,True,-0.2833,-0.26,51.8,0.0,100.0,48.3,70.0,57.4,True,TACTICAL,0.0611,전술적 보유 (점수 57/100)
2026-06-02T21:15:26,RISK_ON,TSM,Compute/GPU,435.63,1.0825,0.3717,0.1293,0.4273,0.0769,0.0955,65.8,0.0,True,True,-0.1814,-0.242,62.6,0.0,68.7,66.2,70.0,56.0,False,TACTICAL,0.0,전술적 보유 (점수 56/100)
2026-06-02T21:15:26,RISK_ON,NVDA,Compute/GPU,224.36,0.4689,0.1213,0.1023,0.3788,0.0419,0.1306,60.4,-0.0483,True,True,-0.2021,-0.489,47.0,0.0,88.3,48.9,70.0,52.8,False,TACTICAL,0.0,전술적 보유 (점수 53/100)
2026-06-02T21:15:26,RISK_ON,VRT,Power/Cooling,323.39,2.0456,0.8271,0.3434,0.6016,-0.0124,-0.015,49.1,-0.1404,True,True,-0.2478,0.216,42.0,0.0,66.0,65.4,70.0,48.0,False,REDUCE,0.0,비중 축소 (점수 48/100)
2026-06-02T21:15:26,RISK_ON,SNOW,Data/Software,280.16,-0.3144,-0.4388,-0.1495,0.984,0.6269,0.987,89.2,0.0,True,True,-0.563,-1.195,42.1,0.0,94.0,6.7,70.0,46.2,False,EXIT,0.0,12M MDD -56.3% < -30% (장기 모멘텀 붕괴)
2026-06-02T21:15:26,RISK_ON,PSTG,Memory/Storage,84.45,0.3364,-0.1949,0.16,0.6268,-0.0315,0.1791,57.4,-0.1444,True,True,-0.4226,-0.752,28.7,0.0,100.0,6.3,70.0,43.0,False,EXIT,0.0,12M MDD -42.3% < -30% (장기 모멘텀 붕괴)
2026-06-02T21:15:26,RISK_ON,ORCL,Data/Software,248.15,0.0485,-0.1439,0.1572,0.62,0.2919,0.4442,80.7,-0.2382,True,True,-0.5825,-0.797,24.3,0.0,100.0,11.8,70.0,42.3,False,EXIT,0.0,12M MDD -58.2% < -30% (장기 모멘텀 붕괴)
2026-06-02T21:15:26,RISK_ON,SMCI,Systems/Server,46.88,-0.3231,-0.1997,-0.117,1.1014,0.3176,0.7305,80.3,-0.2278,True,True,-0.6618,-1.082,23.8,0.0,76.6,17.7,70.0,37.1,False,EXCLUDED,0.0,사전 필터 탈락: vol60d>100%
2026-06-02T21:15:26,RISK_ON,PLTR,Data/Software,160.65,0.0933,-0.1447,-0.0214,0.5422,0.1737,0.1151,70.0,-0.2246,True,False,-0.3819,-0.829,26.3,0.0,30.2,13.6,70.0,25.8,False,EXIT,0.0,12M MDD -38.2% < -30% (장기 모멘텀 붕괴)
2026-07-20T17:25:43,RISK_ON,HPE,Systems/Server,45.82,1.3622,1.2165,0.8283,0.7619,-0.056,-0.0494,50.9,-0.1816,True,True,-0.2636,0.013,40.2,96.0,100.0,87.1,70.0,73.5,True,SATELLITE,0.2975,위성 포지션 (점수 74/100)
2026-07-20T17:25:43,RISK_ON,DELL,Systems/Server,396.34,2.4364,2.5305,1.14,1.0106,-0.0888,-0.0548,48.4,-0.1494,True,True,-0.3234,0.665,47.5,100.0,60.0,94.1,70.0,67.7,False,EXCLUDED,0.0,사전 필터 탈락: vol60d>100%
2026-07-20T17:25:43,RISK_ON,MU,Memory/Storage,848.95,8.2239,2.1002,1.2924,1.083,-0.1331,-0.1861,41.0,-0.3003,False,True,-0.3028,1.567,64.8,0.0,100.0,84.2,70.0,67.3,False,EXCLUDED,0.0,사전 필터 탈락: vol60d>100%
2026-07-20T17:25:43,RISK_ON,AMD,Compute/GPU,495.76,2.1948,1.2485,0.8409,0.8725,-0.1114,-0.0326,46.1,-0.1466,False,True,-0.2776,0.151,41.0,0.0,100.0,83.7,70.0,58.9,True,TACTICAL,0.2874,전술적 보유 (점수 59/100)
2026-07-20T17:25:43,RISK_ON,STX,Memory/Storage,787.66,6.3208,2.3339,0.9463,0.7902,-0.1348,-0.2606,42.1,-0.2795,False,True,-0.3181,1.24,61.1,0.0,60.0,86.5,70.0,56.4,False,EXIT,0.0,12M MDD -31.8% < -30% (장기 모멘텀 붕괴)
2026-07-20T17:25:43,RISK_ON,WDC,Memory/Storage,477.22,9.6544,2.2087,0.9122,0.9003,-0.1809,-0.3299,39.8,-0.3605,False,True,-0.3744,1.745,69.9,0.0,60.0,66.0,70.0,56.4,False,EXIT,0.0,12M MDD -37.4% < -30% (장기 모멘텀 붕괴)
2026-07-20T17:25:43,RISK_ON,CSCO,Networking,111.94,0.7469,0.5677,0.3603,0.4623,-0.0772,-0.0424,44.8,-0.1357,False,True,-0.1533,-0.347,36.0,0.0,95.3,78.2,70.0,55.2,True,TACTICAL,0.21,전술적 보유 (점수 55/100)
2026-07-20T17:25:43,RISK_ON,ANET,Networking,168.61,0.4729,0.263,0.0043,0.6349,-0.0981,0.0223,49.5,-0.0981,True,True,-0.2833,-0.666,29.2,91.1,60.0,60.3,70.0,54.9,True,TACTICAL,0.2051,전술적 보유 (점수 55/100)
2026-07-20T17:25:43,RISK_ON,INTC,Compute/GPU,95.04,4.3114,1.5062,0.7679,1.0152,-0.1347,-0.2152,36.1,-0.3257,False,True,-0.3257,0.553,48.3,0.0,83.0,68.2,70.0,54.9,False,EXCLUDED,0.0,사전 필터 탈락: vol60d>100%
2026-07-20T17:25:43,RISK_ON,SNOW,Data/Software,268.9,0.1084,0.1289,0.6288,0.9164,0.0285,0.1466,64.8,-0.0402,True,True,-0.563,-0.625,43.7,0.0,100.0,25.5,70.0,51.1,False,EXIT,0.0,12M MDD -56.3% < -30% (장기 모멘텀 붕괴)
2026-07-20T17:25:43,RISK_ON,TSM,Compute/GPU,398.37,0.779,0.2715,0.1691,0.4985,-0.0823,-0.0782,39.2,-0.1658,False,True,-0.1814,-0.511,33.6,0.0,86.7,56.5,70.0,48.9,False,REDUCE,0.0,비중 축소 (점수 49/100)
2026-07-20T17:25:43,RISK_ON,MRVL,Compute/GPU,188.68,3.0284,2.6039,1.0727,1.1477,-0.1999,-0.3482,35.7,-0.4036,False,True,-0.4048,0.755,50.1,0.0,60.0,59.1,70.0,48.4,False,EXCLUDED,0.0,사전 필터 탈락: vol60d>100%
2026-07-20T17:25:43,RISK_ON,VRT,Power/Cooling,289.56,1.4247,0.8414,0.0335,0.6771,-0.0919,-0.0882,42.2,-0.2302,False,True,-0.2532,-0.326,35.1,0.0,60.0,71.3,70.0,45.0,False,REDUCE,0.0,비중 축소 (점수 45/100)
2026-07-20T17:25:43,RISK_ON,NVDA,Compute/GPU,202.81,0.1845,0.0954,0.0159,0.4239,-0.0386,-0.009,48.2,-0.1387,False,True,-0.2021,-0.677,27.3,0.0,73.6,48.4,70.0,42.2,False,REDUCE,0.0,비중 축소 (점수 42/100)
2026-07-20T17:25:43,RISK_ON,AVGO,Compute/GPU,370.83,0.3795,0.1478,-0.0336,0.5479,-0.0729,-0.0547,43.9,-0.2287,False,True,-0.2867,-0.702,27.0,0.0,60.0,46.8,70.0,38.5,False,REDUCE,0.0,비중 축소 (점수 38/100)
2026-07-20T17:25:43,RISK_ON,ORCL,Data/Software,126.41,-0.2564,-0.0299,0.0484,0.6408,-0.1012,-0.3088,29.4,-0.6106,False,False,-0.6174,-0.869,23.2,0.0,32.7,0.0,70.0,23.3,False,EXIT,0.0,12M MDD -61.7% < -30% (장기 모멘텀 붕괴)
2026-07-20T17:25:43,RISK_ON,SMCI,Systems/Server,24.18,-0.4734,-0.0557,-0.0273,1.1727,-0.1459,-0.1296,34.8,-0.6017,False,False,-0.6618,-1.017,19.7,0.0,20.1,10.9,70.0,20.6,False,EXCLUDED,0.0,사전 필터 탈락: vol60d>100%
2026-07-20T17:25:43,RISK_ON,PLTR,Data/Software,132.38,-0.1517,-0.2623,-0.1077,0.5571,0.0441,0.0134,53.0,-0.361,False,False,-0.4822,-0.947,20.8,0.0,24.7,0.0,70.0,20.5,False,EXIT,0.0,12M MDD -48.2% < -30% (장기 모멘텀 붕괴)
2026-07-20T17:30:18,RISK_ON,HPE,Systems/Server,45.82,1.3622,1.2165,0.8283,0.7619,-0.056,-0.0494,50.9,-0.1816,True,True,-0.2636,0.013,40.2,96.0,100.0,87.1,70.0,73.5,True,SATELLITE,0.2975,위성 포지션 (점수 74/100)
2026-07-20T17:30:18,RISK_ON,DELL,Systems/Server,396.34,2.4364,2.5305,1.14,1.0106,-0.0888,-0.0548,48.4,-0.1494,True,True,-0.3234,0.665,47.5,100.0,60.0,94.1,70.0,67.7,False,EXCLUDED,0.0,사전 필터 탈락: vol60d>100%
2026-07-20T17:30:18,RISK_ON,MU,Memory/Storage,848.95,8.2239,2.1002,1.2924,1.083,-0.1331,-0.1861,41.0,-0.3003,False,True,-0.3028,1.567,64.8,0.0,100.0,84.2,70.0,67.3,False,EXCLUDED,0.0,사전 필터 탈락: vol60d>100%
2026-07-20T17:30:18,RISK_ON,AMD,Compute/GPU,495.76,2.1948,1.2485,0.8409,0.8725,-0.1114,-0.0326,46.1,-0.1466,False,True,-0.2776,0.151,41.0,0.0,100.0,83.7,70.0,58.9,True,TACTICAL,0.2874,전술적 보유 (점수 59/100)
2026-07-20T17:30:18,RISK_ON,STX,Memory/Storage,787.66,6.3208,2.3339,0.9463,0.7902,-0.1348,-0.2606,42.1,-0.2795,False,True,-0.3181,1.24,61.1,0.0,60.0,86.5,70.0,56.4,False,EXIT,0.0,12M MDD -31.8% < -30% (장기 모멘텀 붕괴)
2026-07-20T17:30:18,RISK_ON,WDC,Memory/Storage,477.22,9.6544,2.2087,0.9122,0.9003,-0.1809,-0.3299,39.8,-0.3605,False,True,-0.3744,1.745,69.9,0.0,60.0,66.0,70.0,56.4,False,EXIT,0.0,12M MDD -37.4% < -30% (장기 모멘텀 붕괴)
2026-07-20T17:30:18,RISK_ON,CSCO,Networking,111.94,0.7469,0.5677,0.3603,0.4623,-0.0772,-0.0424,44.8,-0.1357,False,True,-0.1533,-0.347,36.0,0.0,95.3,78.2,70.0,55.2,True,TACTICAL,0.21,전술적 보유 (점수 55/100)
2026-07-20T17:30:18,RISK_ON,ANET,Networking,168.61,0.4729,0.263,0.0043,0.6349,-0.0981,0.0223,49.5,-0.0981,True,True,-0.2833,-0.666,29.2,91.1,60.0,60.3,70.0,54.9,True,TACTICAL,0.2051,전술적 보유 (점수 55/100)
2026-07-20T17:30:18,RISK_ON,INTC,Compute/GPU,95.04,4.3114,1.5062,0.7679,1.0152,-0.1347,-0.2152,36.1,-0.3257,False,True,-0.3257,0.553,48.3,0.0,83.0,68.2,70.0,54.9,False,EXCLUDED,0.0,사전 필터 탈락: vol60d>100%
2026-07-20T17:30:18,RISK_ON,SNOW,Data/Software,268.9,0.1084,0.1289,0.6288,0.9164,0.0285,0.1466,64.8,-0.0402,True,True,-0.563,-0.625,43.7,0.0,100.0,25.5,70.0,51.1,False,EXIT,0.0,12M MDD -56.3% < -30% (장기 모멘텀 붕괴)
2026-07-20T17:30:18,RISK_ON,TSM,Compute/GPU,398.37,0.779,0.2715,0.1691,0.4985,-0.0823,-0.0782,39.2,-0.1658,False,True,-0.1814,-0.511,33.6,0.0,86.7,56.5,70.0,48.9,False,REDUCE,0.0,비중 축소 (점수 49/100)
2026-07-20T17:30:18,RISK_ON,MRVL,Compute/GPU,188.68,3.0284,2.6039,1.0727,1.1477,-0.1999,-0.3482,35.7,-0.4036,False,True,-0.4048,0.755,50.1,0.0,60.0,59.1,70.0,48.4,False,EXCLUDED,0.0,사전 필터 탈락: vol60d>100%
2026-07-20T17:30:18,RISK_ON,VRT,Power/Cooling,289.56,1.4247,0.8414,0.0335,0.6771,-0.0919,-0.0882,42.2,-0.2302,False,True,-0.2532,-0.326,35.1,0.0,60.0,71.3,70.0,45.0,False,REDUCE,0.0,비중 축소 (점수 45/100)
2026-07-20T17:30:18,RISK_ON,NVDA,Compute/GPU,202.81,0.1845,0.0954,0.0159,0.4239,-0.0386,-0.009,48.2,-0.1387,False,True,-0.2021,-0.677,27.3,0.0,73.6,48.4,70.0,42.2,False,REDUCE,0.0,비중 축소 (점수 42/100)
2026-07-20T17:30:18,RISK_ON,AVGO,Compute/GPU,370.83,0.3795,0.1478,-0.0336,0.5479,-0.0729,-0.0547,43.9,-0.2287,False,True,-0.2867,-0.702,27.0,0.0,60.0,46.8,70.0,38.5,False,REDUCE,0.0,비중 축소 (점수 38/100)
2026-07-20T17:30:18,RISK_ON,ORCL,Data/Software,126.41,-0.2564,-0.0299,0.0484,0.6408,-0.1012,-0.3088,29.4,-0.6106,False,False,-0.6174,-0.869,23.2,0.0,32.7,0.0,70.0,23.3,False,EXIT,0.0,12M MDD -61.7% < -30% (장기 모멘텀 붕괴)
2026-07-20T17:30:18,RISK_ON,SMCI,Systems/Server,24.18,-0.4734,-0.0557,-0.0273,1.1727,-0.1459,-0.1296,34.8,-0.6017,False,False,-0.6618,-1.017,19.7,0.0,20.1,10.9,70.0,20.6,False,EXCLUDED,0.0,사전 필터 탈락: vol60d>100%
2026-07-20T17:30:18,RISK_ON,PLTR,Data/Software,132.38,-0.1517,-0.2623,-0.1077,0.5571,0.0441,0.0134,53.0,-0.361,False,False,-0.4822,-0.947,20.8,0.0,24.7,0.0,70.0,20.5,False,EXIT,0.0,12M MDD -48.2% < -30% (장기 모멘텀 붕괴)
2026-07-20T17:43:32,RISK_ON,HPE,Systems/Server,45.82,1.3622,1.2165,0.8283,0.7619,-0.056,-0.0494,50.9,-0.1816,True,True,-0.2636,0.013,40.2,96.0,100.0,87.1,70.0,73.5,True,SATELLITE,0.2975,위성 포지션 (점수 74/100)
2026-07-20T17:43:32,RISK_ON,DELL,Systems/Server,396.34,2.4364,2.5305,1.14,1.0106,-0.0888,-0.0548,48.4,-0.1494,True,True,-0.3234,0.665,47.5,100.0,60.0,94.1,70.0,67.7,False,EXCLUDED,0.0,사전 필터 탈락: vol60d>100%
2026-07-20T17:43:32,RISK_ON,MU,Memory/Storage,848.95,8.2239,2.1002,1.2924,1.083,-0.1331,-0.1861,41.0,-0.3003,False,True,-0.3028,1.567,64.8,0.0,100.0,84.2,70.0,67.3,False,EXCLUDED,0.0,사전 필터 탈락: vol60d>100%
2026-07-20T17:43:32,RISK_ON,AMD,Compute/GPU,495.76,2.1948,1.2485,0.8409,0.8725,-0.1114,-0.0326,46.1,-0.1466,False,True,-0.2776,0.151,41.0,0.0,100.0,83.7,70.0,58.9,True,TACTICAL,0.2874,전술적 보유 (점수 59/100)
2026-07-20T17:43:32,RISK_ON,STX,Memory/Storage,787.66,6.3208,2.3339,0.9463,0.7902,-0.1348,-0.2606,42.1,-0.2795,False,True,-0.3181,1.24,61.1,0.0,60.0,86.5,70.0,56.4,False,EXIT,0.0,12M MDD -31.8% < -30% (장기 모멘텀 붕괴)
2026-07-20T17:43:32,RISK_ON,WDC,Memory/Storage,477.22,9.6544,2.2087,0.9122,0.9003,-0.1809,-0.3299,39.8,-0.3605,False,True,-0.3744,1.745,69.9,0.0,60.0,66.0,70.0,56.4,False,EXIT,0.0,12M MDD -37.4% < -30% (장기 모멘텀 붕괴)
2026-07-20T17:43:32,RISK_ON,CSCO,Networking,111.94,0.7469,0.5677,0.3603,0.4623,-0.0772,-0.0424,44.8,-0.1357,False,True,-0.1533,-0.347,36.0,0.0,95.3,78.2,70.0,55.2,True,TACTICAL,0.21,전술적 보유 (점수 55/100)
2026-07-20T17:43:32,RISK_ON,ANET,Networking,168.61,0.4729,0.263,0.0043,0.6349,-0.0981,0.0223,49.5,-0.0981,True,True,-0.2833,-0.666,29.2,91.1,60.0,60.3,70.0,54.9,True,TACTICAL,0.2051,전술적 보유 (점수 55/100)
2026-07-20T17:43:32,RISK_ON,INTC,Compute/GPU,95.04,4.3114,1.5062,0.7679,1.0152,-0.1347,-0.2152,36.1,-0.3257,False,True,-0.3257,0.553,48.3,0.0,83.0,68.2,70.0,54.9,False,EXCLUDED,0.0,사전 필터 탈락: vol60d>100%
2026-07-20T17:43:32,RISK_ON,SNOW,Data/Software,268.9,0.1084,0.1289,0.6288,0.9164,0.0285,0.1466,64.8,-0.0402,True,True,-0.563,-0.625,43.7,0.0,100.0,25.5,70.0,51.1,False,EXIT,0.0,12M MDD -56.3% < -30% (장기 모멘텀 붕괴)
2026-07-20T17:43:32,RISK_ON,TSM,Compute/GPU,398.37,0.779,0.2715,0.1691,0.4985,-0.0823,-0.0782,39.2,-0.1658,False,True,-0.1814,-0.511,33.6,0.0,86.7,56.5,70.0,48.9,False,REDUCE,0.0,비중 축소 (점수 49/100)
2026-07-20T17:43:32,RISK_ON,MRVL,Compute/GPU,188.68,3.0284,2.6039,1.0727,1.1477,-0.1999,-0.3482,35.7,-0.4036,False,True,-0.4048,0.755,50.1,0.0,60.0,59.1,70.0,48.4,False,EXCLUDED,0.0,사전 필터 탈락: vol60d>100%
2026-07-20T17:43:32,RISK_ON,VRT,Power/Cooling,289.56,1.4247,0.8414,0.0335,0.6771,-0.0919,-0.0882,42.2,-0.2302,False,True,-0.2532,-0.326,35.1,0.0,60.0,71.3,70.0,45.0,False,REDUCE,0.0,비중 축소 (점수 45/100)
2026-07-20T17:43:32,RISK_ON,NVDA,Compute/GPU,202.81,0.1845,0.0954,0.0159,0.4239,-0.0386,-0.009,48.2,-0.1387,False,True,-0.2021,-0.677,27.3,0.0,73.6,48.4,70.0,42.2,False,REDUCE,0.0,비중 축소 (점수 42/100)
2026-07-20T17:43:32,RISK_ON,AVGO,Compute/GPU,370.83,0.3795,0.1478,-0.0336,0.5479,-0.0729,-0.0547,43.9,-0.2287,False,True,-0.2867,-0.702,27.0,0.0,60.0,46.8,70.0,38.5,False,REDUCE,0.0,비중 축소 (점수 38/100)
2026-07-20T17:43:32,RISK_ON,ORCL,Data/Software,126.41,-0.2564,-0.0299,0.0484,0.6408,-0.1012,-0.3088,29.4,-0.6106,False,False,-0.6174,-0.869,23.2,0.0,32.7,0.0,70.0,23.3,False,EXIT,0.0,12M MDD -61.7% < -30% (장기 모멘텀 붕괴)
2026-07-20T17:43:32,RISK_ON,SMCI,Systems/Server,24.18,-0.4734,-0.0557,-0.0273,1.1727,-0.1459,-0.1296,34.8,-0.6017,False,False,-0.6618,-1.017,19.7,0.0,20.1,10.9,70.0,20.6,False,EXCLUDED,0.0,사전 필터 탈락: vol60d>100%
2026-07-20T17:43:32,RISK_ON,PLTR,Data/Software,132.38,-0.1517,-0.2623,-0.1077,0.5571,0.0441,0.0134,53.0,-0.361,False,False,-0.4822,-0.947,20.8,0.0,24.7,0.0,70.0,20.5,False,EXIT,0.0,12M MDD -48.2% < -30% (장기 모멘텀 붕괴)
